Phase,FII_Rank_mean,FII_Rank_std,FII_Pct_mean,FII_Pct_std,FII_Diff,Flip_Rate
Judges Save (S28+),0.5791675916819585,0.035674761384997596,0.8887254540849986,0.012098037220121281,0.30955786240304006,0.37142857142857144
Percentage (S3-27),0.5866667425490016,0.04694247721949819,0.8551228828922267,0.021053635447909204,0.26845614034322507,0.564
Ranking (S1-2),0.6477346764355045,0.02440736633921523,0.7743730843879377,0.0606788378542669,0.12663840795243325,0.33999999999999997
